袩械褉胁邪褟 泻芯屑邪薪写邪	小芯锌械褉薪懈泻	袙褉械屑褟	袛邪褌邪	袩芯谢械	袚褉褍锌锌邪
袧袠袞袧袠袝 袣袠袚袠	袗孝袗袙袛蝎	09:00	10 懈褞谢褟	1	袚褉褍锌锌邪 A
挟袥校袣	袣袠袥鞋袦携袣	09:00	10 懈褞谢褟	2	袚褉褍锌锌邪 B
袘袗袡袚袗袟袠袧袗	校袪袗袟袨袙袨	09:00	10 懈褞谢褟	3	袚褉褍锌锌邪 C
袩袗袙袥袨袛袗袪	袗小袣袗袪袨袙袨	09:25	10 懈褞谢褟	1	袚褉褍锌锌邪 D
袗袦袗袧袚袠袥鞋袛袠袧袨	袗袪袚袗携楔	09:25	10 懈褞谢褟	2	袚褉褍锌锌邪 E
袘袨袥鞋楔袗携 效袝袪袧袠袚袨袙袣袗	袣校袘袗袚校楔袝袙袨	09:25	10 懈褞谢褟	3	袚褉褍锌锌邪 F
袣校孝校袝袙袨-2	小孝袗袪袨小校袘啸袗袧袚校袥袨袙袨	09:50	10 懈褞谢褟	1	袚褉褍锌锌邪 G
袝袥蝎楔袝袙袨	笑袝袥袠袧袧蝎袡	09:50	10 懈褞谢褟	2	袚褉褍锌锌邪 H
袘校袪袗袝袙袨	袠楔袗袥袠袧袨	09:50	10 懈褞谢褟	3	袚褉褍锌锌邪 I
袘校袪袠袘袗袡	袠袧袟袝袪	10:15	10 懈褞谢褟	1	袚褉褍锌锌邪 J
袗袪袗小袥袗袧袨袙袗	袣袗袘袗袣校楔	10:15	10 懈褞谢褟	2	袚褉褍锌锌邪 K
袘袝袥袨袝 袨袟袝袪袨	小袨袙啸袨袟 孝袗孝袗袪小孝袗袧	10:15	10 懈褞谢褟	3	袚褉褍锌锌邪 L
孝袗楔孝校袡	袣校孝校袝袙袨	10:40	10 懈褞谢褟	1	袚褉褍锌锌邪 A
袠楔袘校袥袛袠袧袨	袦袗袙袥挟孝袨袙袗	10:40	10 懈褞谢褟	2	袚褉褍锌锌邪 B
笑袝袥袠袧袧袨袝	小孝袗袪袨袗袪袟袗袦袗孝袨袙袨	10:40	10 懈褞谢褟	3	袚褉褍锌锌邪 C
校袪袗袥鞋小袣	袘校袟袛携袣	11:05	10 懈褞谢褟	1	袚褉褍锌锌邪 D
孝袗楔孝袠袦袝袪袨袙袨	袘袨袥鞋楔袠袝 袦袨孝蝎袣袗袥蝎	11:05	10 懈褞谢褟	2	袚褉褍锌锌邪 E
携袟蝎袣袨袙袨	袦袠啸袗袡袥袨袙袣袗	11:05	10 懈褞谢褟	3	袚褉褍锌锌邪 F
袦袝袞袨袟袝袪袧蝎袡	肖袠袥袠袦袨袧袨袙袨	11:30	10 懈褞谢褟	1	袚褉褍锌锌邪 G
袣校袧袛袪袗袙蝎	袣袪袗小袧袗携 袘袗楔袣袠袪袠携	11:30	10 懈褞谢褟	2	袚褉褍锌锌邪 H
袪袗袝袙小袣袠袡	小校袪袗袦袗袧袨袙袨	11:30	10 懈褞谢褟	3	袚褉褍锌锌邪 I
袩袪袠袦袨袪小袣袠袡	袧袨袙袨袦校小携孝袨袙袨	11:55	10 懈褞谢褟	1	袚褉褍锌锌邪 J
袗袣歇携袪	袣袪袗小袧袨校小袨袥鞋小袣袠袡	11:55	10 懈褞谢褟	2	袚褉褍锌锌邪 K
袠楔袦袝袣袝袝袙袨	袧袠袞袧袝小袨袪袨袣袠袧袨	11:55	10 懈褞谢褟	3	袚褉褍锌锌邪 L
袧袠袞袧袠袝 袣袠袚袠	孝袗楔孝校袡	12:20	10 懈褞谢褟	1	袚褉褍锌锌邪 A
挟袥校袣	袠楔袘校袥袛袠袧袨	12:20	10 懈褞谢褟	2	袚褉褍锌锌邪 B
袘袗袡袚袗袟袠袧袗	笑袝袥袠袧袧袨袝	12:20	10 懈褞谢褟	3	袚褉褍锌锌邪 C
袩袗袙袥袨袛袗袪	校袪袗袥鞋小袣	12:45	10 懈褞谢褟	1	袚褉褍锌锌邪 D
袗袦袗袧袚袠袥鞋袛袠袧袨	孝袗楔孝袠袦袝袪袨袙袨	12:45	10 懈褞谢褟	2	袚褉褍锌锌邪 E
袘袨袥鞋楔袗携 效袝袪袧袠袚袨袙袣袗	携袟蝎袣袨袙袨	12:45	10 懈褞谢褟	3	袚褉褍锌锌邪 F
袣校孝校袝袙袨-2	袦袝袞袨袟袝袪袧蝎袡	13:10	10 懈褞谢褟	1	袚褉褍锌锌邪 G
袝袥蝎楔袝袙袨	袣校袧袛袪袗袙蝎	13:10	10 懈褞谢褟	2	袚褉褍锌锌邪 H
袘校袪袗袝袙袨	袪袗袝袙小袣袠袡	13:10	10 懈褞谢褟	3	袚褉褍锌锌邪 I
袘校袪袠袘袗袡	袩袪袠袦袨袪小袣袠袡	13:35	10 懈褞谢褟	1	袚褉褍锌锌邪 J
袗袪袗小袥袗袧袨袙袗	袗袣歇携袪	13:35	10 懈褞谢褟	2	袚褉褍锌锌邪 K
袘袝袥袨袝 袨袟袝袪袨	袠楔袦袝袣袝袝袙袨	13:35	10 懈褞谢褟	3	袚褉褍锌锌邪 L
袗孝袗袙袛蝎	袣校孝校袝袙袨	14:00	10 懈褞谢褟	1	袚褉褍锌锌邪 A
袣袠袥鞋袦携袣	袦袗袙袥挟孝袨袙袗	14:00	10 懈褞谢褟	2	袚褉褍锌锌邪 B
校袪袗袟袨袙袨	小孝袗袪袨袗袪袟袗袦袗孝袨袙袨	14:00	10 懈褞谢褟	3	袚褉褍锌锌邪 C
袗小袣袗袪袨袙袨	袘校袟袛携袣	14:25	10 懈褞谢褟	1	袚褉褍锌锌邪 D
袗袪袚袗携楔	袘袨袥鞋楔袠袝 袦袨孝蝎袣袗袥蝎	14:25	10 懈褞谢褟	2	袚褉褍锌锌邪 E
袣校袘袗袚校楔袝袙袨	袦袠啸袗袡袥袨袙袣袗	14:25	10 懈褞谢褟	3	袚褉褍锌锌邪 F
小孝袗袪袨小校袘啸袗袧袚校袥袨袙袨	肖袠袥袠袦袨袧袨袙袨	14:50	10 懈褞谢褟	1	袚褉褍锌锌邪 G
笑袝袥袠袧袧蝎袡	袣袪袗小袧袗携 袘袗楔袣袠袪袠携	14:50	10 懈褞谢褟	2	袚褉褍锌锌邪 H
袠楔袗袥袠袧袨	小校袪袗袦袗袧袨袙袨	14:50	10 懈褞谢褟	3	袚褉褍锌锌邪 I
袠袧袟袝袪	袧袨袙袨袦校小携孝袨袙袨	15:15	10 懈褞谢褟	1	袚褉褍锌锌邪 J
袣袗袘袗袣校楔	袣袪袗小袧袨校小袨袥鞋小袣袠袡	15:15	10 懈褞谢褟	2	袚褉褍锌锌邪 K
小袨袙啸袨袟 孝袗孝袗袪小孝袗袧	袧袠袞袧袝小袨袪袨袣袠袧袨	15:15	10 懈褞谢褟	3	袚褉褍锌锌邪 L
袧袠袞袧袠袝 袣袠袚袠	袣校孝校袝袙袨	15:40	10 懈褞谢褟	1	袚褉褍锌锌邪 A
挟袥校袣	袦袗袙袥挟孝袨袙袗	15:40	10 懈褞谢褟	2	袚褉褍锌锌邪 B
袘袗袡袚袗袟袠袧袗	小孝袗袪袨袗袪袟袗袦袗孝袨袙袨	15:40	10 懈褞谢褟	3	袚褉褍锌锌邪 C
袩袗袙袥袨袛袗袪	袘校袟袛携袣	16:05	10 懈褞谢褟	1	袚褉褍锌锌邪 D
袗袦袗袧袚袠袥鞋袛袠袧袨	袘袨袥鞋楔袠袝 袦袨孝蝎袣袗袥蝎	16:05	10 懈褞谢褟	2	袚褉褍锌锌邪 E
袘袨袥鞋楔袗携 效袝袪袧袠袚袨袙袣袗	袦袠啸袗袡袥袨袙袣袗	16:05	10 懈褞谢褟	3	袚褉褍锌锌邪 F
袣校孝校袝袙袨-2	肖袠袥袠袦袨袧袨袙袨	16:30	10 懈褞谢褟	1	袚褉褍锌锌邪 G
袝袥蝎楔袝袙袨	袣袪袗小袧袗携 袘袗楔袣袠袪袠携	16:30	10 懈褞谢褟	2	袚褉褍锌锌邪 H
袘校袪袗袝袙袨	小校袪袗袦袗袧袨袙袨	16:30	10 懈褞谢褟	3	袚褉褍锌锌邪 I
袘校袪袠袘袗袡	袧袨袙袨袦校小携孝袨袙袨	16:55	10 懈褞谢褟	1	袚褉褍锌锌邪 J
袗袪袗小袥袗袧袨袙袗	袣袪袗小袧袨校小袨袥鞋小袣袠袡	16:55	10 懈褞谢褟	2	袚褉褍锌锌邪 K
袘袝袥袨袝 袨袟袝袪袨	袧袠袞袧袝小袨袪袨袣袠袧袨	16:55	10 懈褞谢褟	3	袚褉褍锌锌邪 L
袗孝袗袙袛蝎	孝袗楔孝校袡	17:20	10 懈褞谢褟	1	袚褉褍锌锌邪 A
袣袠袥鞋袦携袣	袠楔袘校袥袛袠袧袨	17:20	10 懈褞谢褟	2	袚褉褍锌锌邪 B
校袪袗袟袨袙袨	笑袝袥袠袧袧袨袝	17:20	10 懈褞谢褟	3	袚褉褍锌锌邪 C
袗小袣袗袪袨袙袨	校袪袗袥鞋小袣	17:45	10 懈褞谢褟	1	袚褉褍锌锌邪 D
袗袪袚袗携楔	孝袗楔孝袠袦袝袪袨袙袨	17:45	10 懈褞谢褟	2	袚褉褍锌锌邪 E
袣校袘袗袚校楔袝袙袨	携袟蝎袣袨袙袨	17:45	10 懈褞谢褟	3	袚褉褍锌锌邪 F
小孝袗袪袨小校袘啸袗袧袚校袥袨袙袨	袦袝袞袨袟袝袪袧蝎袡	18:10	10 懈褞谢褟	1	袚褉褍锌锌邪 G
笑袝袥袠袧袧蝎袡	袣校袧袛袪袗袙蝎	18:10	10 懈褞谢褟	2	袚褉褍锌锌邪 H
袠楔袗袥袠袧袨	袪袗袝袙小袣袠袡	18:10	10 懈褞谢褟	3	袚褉褍锌锌邪 I
袠袧袟袝袪	袩袪袠袦袨袪小袣袠袡	18:35	10 懈褞谢褟	1	袚褉褍锌锌邪 J
袣袗袘袗袣校楔	袗袣歇携袪	18:35	10 懈褞谢褟	2	袚褉褍锌锌邪 K
小袨袙啸袨袟 孝袗孝袗袪小孝袗袧	袠楔袦袝袣袝袝袙袨	18:35	10 懈褞谢褟	3	袚褉褍锌锌邪 L
小芯锌械褉薪懈泻 1	小芯锌械褉薪懈泻 2	10:00	11 懈褞谢褟	2	1/16 褎懈薪邪谢邪
小芯锌械褉薪懈泻 1	小芯锌械褉薪懈泻 2	10:00	11 懈褞谢褟	3	1/16 褎懈薪邪谢邪
小芯锌械褉薪懈泻 1	小芯锌械褉薪懈泻 2	10:30	11 懈褞谢褟	2	1/16 褎懈薪邪谢邪
小芯锌械褉薪懈泻 1	小芯锌械褉薪懈泻 2	10:30	11 懈褞谢褟	3	1/16 褎懈薪邪谢邪
小芯锌械褉薪懈泻 1	小芯锌械褉薪懈泻 2	11:00	11 懈褞谢褟	2	1/16 褎懈薪邪谢邪
小芯锌械褉薪懈泻 1	小芯锌械褉薪懈泻 2	11:00	11 懈褞谢褟	3	1/16 褎懈薪邪谢邪
小芯锌械褉薪懈泻 1	小芯锌械褉薪懈泻 2	11:30	11 懈褞谢褟	2	1/16 褎懈薪邪谢邪
小芯锌械褉薪懈泻 1	小芯锌械褉薪懈泻 2	11:30	11 懈褞谢褟	3	1/16 褎懈薪邪谢邪
小芯锌械褉薪懈泻 1	小芯锌械褉薪懈泻 2	12:00	11 懈褞谢褟	2	1/16 褎懈薪邪谢邪
小芯锌械褉薪懈泻 1	小芯锌械褉薪懈泻 2	12:00	11 懈褞谢褟	3	1/16 褎懈薪邪谢邪
小芯锌械褉薪懈泻 1	小芯锌械褉薪懈泻 2	12:30	11 懈褞谢褟	2	1/16 褎懈薪邪谢邪
小芯锌械褉薪懈泻 1	小芯锌械褉薪懈泻 2	12:30	11 懈褞谢褟	3	1/16 褎懈薪邪谢邪
小芯锌械褉薪懈泻 1	小芯锌械褉薪懈泻 2	13:00	11 懈褞谢褟	2	1/16 褎懈薪邪谢邪
小芯锌械褉薪懈泻 1	小芯锌械褉薪懈泻 2	13:00	11 懈褞谢褟	3	1/16 褎懈薪邪谢邪
小芯锌械褉薪懈泻 1	小芯锌械褉薪懈泻 2	13:30	11 懈褞谢褟	2	1/16 褎懈薪邪谢邪
小芯锌械褉薪懈泻 1	小芯锌械褉薪懈泻 2	13:30	11 懈褞谢褟	3	1/16 褎懈薪邪谢邪
小芯锌械褉薪懈泻 1	小芯锌械褉薪懈泻 2	14:00	11 懈褞谢褟	2	1/8 褎懈薪邪谢邪
小芯锌械褉薪懈泻 1	小芯锌械褉薪懈泻 2	14:00	11 懈褞谢褟	3	1/8 褎懈薪邪谢邪
小芯锌械褉薪懈泻 1	小芯锌械褉薪懈泻 2	14:30	11 懈褞谢褟	2	1/8 褎懈薪邪谢邪
小芯锌械褉薪懈泻 1	小芯锌械褉薪懈泻 2	14:30	11 懈褞谢褟	3	1/8 褎懈薪邪谢邪
小芯锌械褉薪懈泻 1	小芯锌械褉薪懈泻 2	15:00	11 懈褞谢褟	2	1/8 褎懈薪邪谢邪
小芯锌械褉薪懈泻 1	小芯锌械褉薪懈泻 2	15:00	11 懈褞谢褟	3	1/8 褎懈薪邪谢邪
小芯锌械褉薪懈泻 1	小芯锌械褉薪懈泻 2	15:30	11 懈褞谢褟	2	1/8 褎懈薪邪谢邪
小芯锌械褉薪懈泻 1	小芯锌械褉薪懈泻 2	15:30	11 懈褞谢褟	3	1/8 褎懈薪邪谢邪
小芯锌械褉薪懈泻 1	小芯锌械褉薪懈泻 2	16:00	11 懈褞谢褟	2	1/4 褎懈薪邪谢邪
小芯锌械褉薪懈泻 1	小芯锌械褉薪懈泻 2	16:00	11 懈褞谢褟	3	1/4 褎懈薪邪谢邪
小芯锌械褉薪懈泻 1	小芯锌械褉薪懈泻 2	16:30	11 懈褞谢褟	2	1/4 褎懈薪邪谢邪
小芯锌械褉薪懈泻 1	小芯锌械褉薪懈泻 2	16:30	11 懈褞谢褟	3	1/4 褎懈薪邪谢邪
小芯锌械褉薪懈泻 1	小芯锌械褉薪懈泻 2	17:00	11 懈褞谢褟	2	袩芯谢褍褎懈薪邪谢
小芯锌械褉薪懈泻 1	小芯锌械褉薪懈泻 2	17:00	11 懈褞谢褟	3	袩芯谢褍褎懈薪邪谢
小芯锌械褉薪懈泻 1	小芯锌械褉薪懈泻 2	17:30	11 懈褞谢褟	2	袦邪褌褔 蟹邪 3-械 屑械褋褌芯
小芯锌械褉薪懈泻 1	小芯锌械褉薪懈泻 2	18:00	11 懈褞谢褟	2	肖懈薪邪谢
